theme,article_count,average_score,temporal_distribution,percentage_of_total
Beneficios y usos,30,184.85185185185185,30,12.82051282051282
"Derechos humanos, Inclusi칩n, discriminaci칩n, social, impacto",13,129.92307692307693,13,5.555555555555555
HumanoM치quina,15,117.85714285714286,15,6.41025641025641
Risks,61,87.8,61,26.06837606837607
"Seguridad, privacidad, datos personales, regulaci칩n",146,89.1145038167939,146,62.39316239316239
"Transparencia, datos input",21,81.64285714285714,21,8.974358974358974
